42795947	MIS	Ukeba D et al.	Comparison of Cortical Bone Trajectory and Percutaneous Pedicle Screw Fixation in PETLIF: Short-Term Perioperative Muscle Injury and Pain Outcomes.	J Clin Med	2026 Sep 15
42796051	MIS	Jung J et al.	Routine Application of a Bioabsorbable Cellulose Hemostatic Agent (WoundClot(TM)) in Unilateral Biportal Endoscopic Lumbar Decompression: A Retrospective Comparative Study.	J Clin Med	2026 Sep 19
42796247	MIS	Özdemir U et al.	Gravity-Based vs. Pump-Assisted Irrigation in Unilateral Biportal Endoscopic Decompression for Lumbar Spinal Stenosis: Effects on Operative Efficiency, Clinical Outcomes, and Complications.	Medicina (Kaunas)	2026 Aug 27
42796367	Endoscopic spine surgery	Ahn Y et al.	Full-Endoscopic Unilateral Laminotomy for Bilateral Decompression Under Surgeon-Directed Local Anesthesia in Older Patients with Lumbar Spinal Stenosis.	Medicina (Kaunas)	2026 Sep 12
42798107	MIS	Li K et al.	Association of Charlson comorbidity index with 28- and 90-day mortality in patients with severe acute kidney injury requiring CRRT: A retrospective cohort study.	Medicine (Baltimore)	2026 Sep 25
42798124	Lumbar degenerative	Guo R et al.	YouTube, TikTok, and Bilibili as sources of medical information on lumbar spinal stenosis: A cross-sectional content analysis study.	Medicine (Baltimore)	2026 Sep 25
42798628	MIS	Cang J et al.	Perioperative and 6-month outcomes of UNSES versus UBE for lumbar disc herniation with standardized annular suture.	Front Surg	2026
42799241	MIS	Wei Y et al.	Stress-Induced Cardiomyopathy Following Elective Lumbar Disc Nucleotomy: Multimodal Cardiac Evaluation With 2D-STE and D-SPECT in a Patient With Severe Cardiac Magnetic Resonance (CMR) Contraindication.	Cureus	2026 Aug
42799430	Fusion techniques	Kim WA et al.	Iatrogenic Dextrose Hyperosmolar Extravasation Injury in Suspected Endogenous Hyperinsulinism.	Cureus	2026 Aug
42801296	MIS	Phadke RA et al.	Cost-Effectiveness of Minimally Invasive Tubular vs. Open Laminectomy for Pure Lumbar Spinal Stenosis: A Markov State-Transition Analysis.	Global Spine J	2026 Sep 27
42801437	UBE	Okamura K et al.	Prognostic impact of P-m-EASIX at neutrophil engraftment after allogeneic hematopoietic stem cell transplantation.	Int J Hematol	2026 Sep 27
42803960	MIS	Moros-Daza G et al.	Fully percutaneous, navigation-assisted cervical pedicle screw instrumentation: technical note and a report of safety and accuracy.	Eur Spine J	2026 Sep 28
42804313	MIS	Kilic M et al.	Comparative Effectiveness of Nucleoplasty and Intradiscal Ozone Therapy for Lumbar Disc Herniation: A Double-Blind, Randomized, Controlled Trial.	Pain Physician	2026 Sep
42804316	MIS	Mallard CJ et al.	Comparative Outcomes of Posterior and Lateral Sacroiliac Joint Fusions from a Single Academic Pain Center.	Pain Physician	2026 Sep
42804484	Adult deformity	Yahanda AT et al.	The Lower Lordotic Arch More Precisely Predicts Pelvic Positioning for Adult Spinal Deformity Patients with an Aligned T4-L1-Hip Axis.	Spine (Phila Pa 1976)	2026 Sep 24
42804792	Fusion techniques	Dekhne MS et al.	Reverse pedicle subtraction osteotomy for iatrogenic hyperlordosis in a scoliosis patient: illustrative case.	J Neurosurg Case Lessons	2026 Sep 28
42805245	MIS	Abdelsamad I et al.	Percutaneous Endoscopic Interlaminar Lumbar Discectomy for Treating Acute Cauda Equina Syndrome: A Case Series of 25 Patients.	J Neurol Surg A Cent Eur Neurosurg	2026 Sep 28
42805351	MIS	Zhu X et al.	Context-dependent CCL2-CCR2 signaling drives distinct immune infiltration programs in traumatic and autoimmune CNS disorders.	Neurobiol Dis	2026 Sep 28
42806212	Adult deformity	Anari JB et al.	Best Practice Guidelines for the Execution of Intraoperative Neuromonitoring in Spine Deformity Surgery.	Spine Deform	2026 Sep 28
42806213	Adult deformity	Abourisha E et al.	Radiographic predictors of proximal junctional kyphosis after adult spinal deformity surgery: a systematic review and meta-analysis.	Spine Deform	2026 Sep 28
42806943	Endoscopic spine surgery	Iskandar S et al.	Anoxic Brain Injury and Mortality in Hanging-Related Trauma.	Am Surg	2026 Sep 29
42807132	MIS	Wang Y et al.	Machine learning-driven prediction of in-hospital cardiac arrest among critically ill patients with traumatic spinal cord injury: a multicenter cohort study.	Front Cardiovasc Med	2026
42807819	Fusion techniques	Wu YC et al.	Age-Related Differences in Clinical and Surgical Outcomes Following Oblique Lateral Interbody Fusion: A Retrospective Cohort Study.	Int J Med Sci	2026
42808163	Endoscopic spine surgery	Park HJ et al.	Response to Letter to the Editor for "Impact of Concomitant Grade I Degenerative Spondylolisthesis on Clinical and Radiographic Outcomes Following Biportal Endoscopic Versus Microscopic Laminectomy for Lumbar Spinal Stenosis: A Post Hoc Analysis of a Multicenter Randomized Clinical Trial".	Global Spine J	2026 Sep 29
42808669	MIS	Gonzalez-Diaz G et al.	Minimally Invasive Transforaminal Lumbar Interbody Fusion for Osteogenesis Imperfecta: A Case Report.	P R Health Sci J	2026 Sep
42809884	MIS	Cerullo CM et al.	Subspinal osteotomy for mesiodens extraction. A technical note.	Rev Fac Cien Med Univ Nac Cordoba	2026 Aug 6
42810971	MIS	Uda K et al.	Minimally Invasive Inline Spinopelvic Fixation Without Offset Connectors for Unstable Sacral Fractures: Technical Description and Preliminary Clinical Experience.	Int J Spine Surg	2026 Sep 29
42811224	UBE	Nakano H et al.	Separating Ranking Signal, Incremental Feature Value, and Evaluation-Induced Optimism in Breast MRI Treatment-Effect Analysis: Foundation Model and Radiomic Representations.	J Imaging Inform Med	2026 Sep 29
42812589	Lumbar degenerative	Han X et al.	Identifying the key microbiome associated with lumbar discherniation in Chinese patients.	Front Cell Dev Biol	2026
42812869	Fusion techniques	Ohba T et al.	Traction-Induced Avulsion of an Iliocaval Venous Branch During Multilevel OLIF for Degenerative Scoliosis: Case Report.	Clin Case Rep	2026 Oct
42812985	MIS	Nagayama K et al.	Intradiscal Condoliase Injection for Lateral Lumbar Disc Herniation in a Patient Receiving Long-Term Hemodialysis: A Case Report.	Cureus	2026 Aug
42813333	MIS	Bayram Y et al.	Preoperative patient expectations and postoperative satisfaction following singlelevel unilateral biportal endoscopic lumbar discectomy: Are higher expectations associated with lower satisfaction?	Acta Orthop Traumatol Turc	2026 Aug 21
42813337	Adult deformity	Albayrak B et al.	An Unexpected Journey: Migration of a Scoliosis Rod to the Groin.	Acta Orthop Traumatol Turc	2026 Aug 25
42813831	UBE	Ube N et al.	Differential accumulation profiles of hordatine glucosides and aglycons during seedling and seed maturation stages in barley.	Biosci Biotechnol Biochem	2026 Sep 30
42814253	UBE	Watanabe T et al.	ASO Visual Abstract: Perioperative Outcomes and Pathological Response After Neoadjuvant Nivolumab Plus Platinum Chemotherapy in Clinically Node-Negative Non-Small Cell Lung Cancer.	Ann Surg Oncol	2026 Sep 30
42814432	Fusion techniques	GBD 2023 Heart Failure Collaborators et al.	Global, Regional, and National Burden of Heart Failure, 1990-2023: A Systematic Analysis for the Global Burden of Disease Study 2023.	JAMA Cardiol	2026 Sep 30
42816428	UBE	Kayabe Kuroda C et al.	Clinical Images: Rapidly progressive granulocyte colony-stimulating factor-associated arteritis: initial normal imaging as a diagnostic pitfall.	ACR Open Rheumatol	2026 Oct
42816765	Fusion techniques	Abonagy M et al.	Synergistic Effects of Thyroxine and Nano-Melatonin on Post-Thaw Sperm Quality, Antioxidant Defence and Fertility of Cryopreserved Simmental Bull Semen.	Vet Med Sci	2026 Nov
42817629	UBE	Takii R et al.	Adaptation to heat stress by diversification of the vertebrate heat shock transcription factor family.	Philos Trans R Soc Lond B Biol Sci	2026 Oct 1
42819473	MIS	Cheng X et al.	Symptomatic adjacent-segment epidural hematoma after UNSES for L4/5 lumbar disc herniation: a case report and narrative literature review.	Front Surg	2026
42819656	Endoscopic spine surgery	Palaksha DG et al.	Anaesthetic vigilance during endoscopic spine surgery: Impending signs of intraoperative hydroperitoneum and pleural effusion.	Indian J Anaesth	2026 Sep
42820325	UBE	Miyauchi E et al.	Plain language summary of the J-TAIL-2 study results: a study of Japanese patients with extensive-stage small cell lung cancer that followed their treatment with atezolizumab plus chemotherapy over time.	Future Oncol	2026 Oct 1
42822026	Endoscopic spine surgery	Hofstetter CP et al.	Introduction. Endoscopic spine surgery: a fluid evolution of spine care.	Neurosurg Focus	2026 Oct 1
42822027	MIS	Garg S et al.	Radiation stewardship in uniportal lumbar endoscopic decompression.	Neurosurg Focus	2026 Oct 1
42822028	MIS	Hu S et al.	Comparable outcomes for full-endoscopic thoracic discectomy and open thoracotomy for myelopathic thoracic disc herniations regardless of radiological severity.	Neurosurg Focus	2026 Oct 1
42822029	UBE	Shim HK et al.	Cost-effectiveness of full-endoscopic, unilateral biportal endoscopic, and microscopic decompression for single-level lumbar spinal stenosis: a 2-year comparative analysis.	Neurosurg Focus	2026 Oct 1
42822030	MIS	Khalafallah AM et al.	Age-dependent outcomes following transforaminal endoscopic lumbar discectomy.	Neurosurg Focus	2026 Oct 1
42822031	Endoscopic spine surgery	Payne C et al.	Mind the gap: symptom relief and mobility recovery after endoscopic lumbar decompression.	Neurosurg Focus	2026 Oct 1
42822032	MIS	Kwak M et al.	Endoscopic surgery for thoracolumbar spinal metastases: a technical case series.	Neurosurg Focus	2026 Oct 1
42822034	MIS	Heo DH et al.	Comparative study of biportal endoscopic and microscopic posterior cervical foraminotomy: clinical and radiological outcomes with minimum 2-year follow-up.	Neurosurg Focus	2026 Oct 1
42822035	MIS	Singh R et al.	Comparative analysis of clinical outcomes and healthcare costs following endoscopic versus open lumbar discectomy: a multidatabase study utilizing TriNetX, NIS, and NASS.	Neurosurg Focus	2026 Oct 1
42822037	MIS	Heo DH et al.	Bimanual technique for biportal endoscopic spine surgery: technical pearls to enhance surgical performance.	Neurosurg Focus	2026 Oct 1
42822038	MIS	Garcia CM et al.	A hypertensive response to irrigation: endoscopic repair of a ventral spinal CSF leak.	Neurosurg Focus	2026 Oct 1
42822039	MIS	Glauser G et al.	Revision status and patient-reported outcomes in thoracolumbar endoscopic spine surgery: a multicenter cohort study.	Neurosurg Focus	2026 Oct 1
42822040	MIS	Park SM et al.	Wound dehiscence following biportal endoscopic versus microscopic spine surgery for single-level lumbar decompression: a post hoc analysis of two randomized controlled trials.	Neurosurg Focus	2026 Oct 1
42822042	MIS	Derman PB et al.	Interlaminar and transforaminal endoscopic lumbar discectomy: analyzing the selection of surgical approach in 426 patients.	Neurosurg Focus	2026 Oct 1
42822043	MIS	Bakhaidar M et al.	Development and prospective validation of a porcine simulation model for training in unilateral biportal endoscopic spine surgery.	Neurosurg Focus	2026 Oct 1
42822044	MIS	Sarikonda A et al.	Transforaminal endoscopic lumbar discectomy: an economically viable option for lumbar disc herniations? A hierarchical Bayesian analysis using time-driven activity-based costing.	Neurosurg Focus	2026 Oct 1
42822045	Endoscopic spine surgery	Karımzada G et al.	Effect of adrenaline-containing irrigation on visual clarity during unilateral biportal endoscopic lumbar decompression: a retrospective comparative study.	Neurosurg Focus	2026 Oct 1
42822046	Endoscopic spine surgery	Meira J et al.	Impact of tranexamic acid on visualization in full endoscopic spine surgery: a randomized controlled trial.	Neurosurg Focus	2026 Oct 1
42822047	MIS	Bohlen P et al.	A digital care and outcomes network for endoscopic spine surgery: design, implementation, and early performance of a next-generation multicenter registry.	Neurosurg Focus	2026 Oct 1
42822048	Endoscopic spine surgery	Choi SJ et al.	Skeletal muscle-specific markers for paraspinal injury in full-endoscopic versus open microscopic lumbar spine surgery: a prospective observational study.	Neurosurg Focus	2026 Oct 1
42822049	Endoscopic spine surgery	An S et al.	Comparative and qualitative analysis of endoscopic unilateral laminectomy with bilateral decompression versus interbody fusion in the treatment of grade 1 degenerative lumbar spondylolisthesis.	Neurosurg Focus	2026 Oct 1
42822050	MIS	Decker I et al.	Confined to Kambin's prism: MRI-based segmentation and prediction of the need for superior articular process removal in transforaminal endoscopic decompression.	Neurosurg Focus	2026 Oct 1
42822408	MIS	Saoud AMF et al.	Maximally Impactful Surgery: MIS: Same Abbreviation Not Same Perception.	World Neurosurg	2026 Oct 1
42823778	UBE	Takemoto T et al.	Robot-assisted thoracoscopic resection of a costal cartilage chondrosarcoma mimicking anterior mediastinal teratoma: a case report.	Gen Thorac Cardiovasc Surg Cases	2026 Oct 1
42824224	Endoscopic spine surgery	Awad G et al.	Percutaneous Endoscopic Lumbar Discectomy With or Without Platelet-Rich Plasma: A Meta-Analysis.	Indian J Orthop	2026 Sep
42825411	MIS	Lin K et al.	Unilateral biportal endoscopy versus percutaneous transforaminal endoscopic discectomy for far lateral lumbar disc herniation: a systematic review and meta-analysis.	EFORT Open Rev	2026 Oct 1
42825507	MIS	Garg S et al.	Muscle-Sparing Wiltse Transforaminal Lumbar Interbody Fusion: A Technical Guide for the Modified Paraspinal Approach.	J Vis Exp	2026 Oct 1
42826407	Adult deformity	Kelly MP et al.	Linking the Scoliosis Research Society-22 domains to the PROMIS domains in adult symptomatic lumbar scoliosis.	J Neurosurg Spine	2026 Oct 2
42826417	Endoscopic spine surgery	Schievink WI et al.	Endoscopic repair of spontaneous ventral spinal cerebrospinal fluid leaks after failed open intradural surgery, and vice versa.	J Neurosurg Spine	2026 Oct 2
42826418	MIS	Laynes R et al.	Intrawound antibiotic use and postoperative surgical site infection in instrumented spine surgery: a statewide registry analysis of 24,015 patients from the Spine Care Outcomes Assessment Program.	J Neurosurg Spine	2026 Oct 2